eval_id,question,generated_answer,primary_cause,reasoning_chain,sound_yn,notes
1,"According to the BNS, what three ways can a person 'abet' the doing of a thing?","According to the context chunk 1 [Chunk-ID: 5827b990-b669-4dc2-96fd-629c903da94a], a person can abet the doing of a thing in three ways: (a) by instigating any person to do that thing [Chunk-ID: 5827b990-b669-4dc2-96fd-629c903da94a], (b) by engaging with one or more other person or persons in any conspiracy for the doing of that thing, if an act or illegal omission takes place in pursuance of that conspiracy, and in order to the doing of that thing [Chunk-ID: 5827b990-b669-4dc2-96fd-629c903da94a], or (c) by intentionally aiding, by any act or illegal omission, the doing of that thing [Chunk-ID: 5827b990-b669-4dc2-96fd-629c903da94a].",UNKNOWN,Starting root cause analysis for trace 84ef86e7-c4bd-456b-b7fe-a3de73b0efb4. | Assumption Passed at CORPUS. Moving to next stage. | Assumption Passed at RETRIEVER. Moving to next stage. | Skipping CHUNKING: State is UNKNOWN. Insufficient evidence. | Assumption Passed at GENERATOR. Moving to next stage. | Assumption Passed at GROUNDING. Moving to next stage. | No failures detected. Pipeline is healthy or evidence is purely UNKNOWN.,,
2,Under what circumstances does the right of private defence of the body NOT extend to voluntarily causing the assailant's death?,"The right of private defence of the body does not extend to the voluntary causing of death to the assailant if the offence is not of any of the descriptions specified in section 38 [Chunk-ID: d3d93d06-b511-4735-9b84-6085daecad6e]. This means that the right of private defence of the body only extends to causing death in specific circumstances, such as when the offence may reasonably cause the apprehension of death or grievous hurt [Chunk-ID: d3d93d06-b511-4735-9b84-6085daecad6e]. In other cases, the right of private defence of the body extends to causing harm other than death, under the restrictions specified in section 37 [Chunk-ID: d3d93d06-b511-4735-9b84-6085daecad6e].",UNKNOWN,Starting root cause analysis for trace 7398f5b0-7e30-46e8-89d7-4c97fce80e50. | Assumption Passed at CORPUS. Moving to next stage. | Assumption Passed at RETRIEVER. Moving to next stage. | Skipping CHUNKING: State is UNKNOWN. Insufficient evidence. | Assumption Passed at GENERATOR. Moving to next stage. | Assumption Passed at GROUNDING. Moving to next stage. | No failures detected. Pipeline is healthy or evidence is purely UNKNOWN.,,
3,"When does the right of private defence of the body commence, and how long does it continue?","The right of private defence of the body commences as soon as a reasonable apprehension of danger to the body arises from an attempt or threat to commit the offence, though the offence may not have been committed [Chunk-ID: d3d93d06-b511-4735-9b84-6085daecad6e]. 
It continues as long as such apprehension of danger to the body continues [Chunk-ID: d3d93d06-b511-4735-9b84-6085daecad6e]. 
This means that the right of private defence of the body starts when there is a reasonable fear of harm to the body and lasts until that fear is no longer present [Chunk-ID: d3d93d06-b511-4735-9b84-6085daecad6e].",UNKNOWN,Starting root cause analysis for trace 84c9b989-e765-4497-b0ee-8797c4782798. | Assumption Passed at CORPUS. Moving to next stage. | Assumption Passed at RETRIEVER. Moving to next stage. | Skipping CHUNKING: State is UNKNOWN. Insufficient evidence. | Assumption Passed at GENERATOR. Moving to next stage. | Assumption Passed at GROUNDING. Moving to next stage. | No failures detected. Pipeline is healthy or evidence is purely UNKNOWN.,,
4,What punishment applies to abetment of an offence when the Sanhita makes no express provision for punishing that specific abetment?,"When the Sanhita makes no express provision for punishing a specific abetment, the punishment for the abetment is the same as the punishment for the offence that was abetted, if the act abetted is committed in consequence of the abetment [Chunk-ID: 3a452a16-b9c6-4177-bd3d-bafce7713aaf]. Additionally, if the person abetted does the act with a different intention or knowledge from that of the abettor, the abettor is punished with the punishment provided for the offence that would have been committed if the act had been done with the intention or knowledge of the abettor [Chunk-ID: 3a452a16-b9c6-4177-bd3d-bafce7713aaf]. Furthermore, if the offence abetted is punishable with death or imprisonment for life and is not committed, the abettor is punished with imprisonment for a term which may extend to seven years, and is also liable to a fine [Chunk-ID: f69e6aef-3594-43c8-86e9-415389ec638f].",UNKNOWN,Starting root cause analysis for trace 75229d49-3cdc-4362-abda-2b4149305c34. | Assumption Passed at CORPUS. Moving to next stage. | Assumption Passed at RETRIEVER. Moving to next stage. | Skipping CHUNKING: State is UNKNOWN. Insufficient evidence. | Assumption Passed at GENERATOR. Moving to next stage. | Assumption Passed at GROUNDING. Moving to next stage. | No failures detected. Pipeline is healthy or evidence is purely UNKNOWN.,,
5,"What is the punishment for abetting the commission of an offence by the public generally, or by a class of persons exceeding ten?","The punishment for abetting the commission of an offence by the public generally, or by a class of persons exceeding ten, is imprisonment of either description for a term which may extend to seven years and with fine [Chunk-ID: 90f9986c-9b72-4d18-a9f8-5c536442d5b5].",CHUNK_BOUNDARY,Starting root cause analysis for trace dab1a212-ff5c-48cd-a419-30929a0b4aa5. | Assumption Passed at CORPUS. Moving to next stage. | Assumption Passed at RETRIEVER. Moving to next stage. | Failure Observed at CHUNKING: CHUNK_BOUNDARY. Observation: 1 partially supported claim(s) have best evidence adjacent to another retrieved chunk from the same document. | Assumption Passed at GENERATOR. Moving to next stage. | Assumption Passed at GROUNDING. Moving to next stage. | Primary Cause Identified at CHUNKING: CHUNK_BOUNDARY (confidence=0.8). | Concluding analysis with primary cause: CHUNK_BOUNDARY.,,
6,How does the BNS define 'criminal conspiracy'?,"According to the context chunk 1 [Chunk-ID: 40abf7d3-8696-4424-88ed-e3ba45bfe867], the definition of 'criminal conspiracy' is provided in section 61, which states that when two or more persons agree with the common object to do, or cause to be done, an illegal act or an act which is not illegal by illegal means, such an agreement is designated a criminal conspiracy [Chunk-ID: 40abf7d3-8696-4424-88ed-e3ba45bfe867]. Additionally, it is provided that no agreement except an agreement to commit an offence shall amount to a criminal conspiracy unless some act besides the agreement is done by one or more parties to such agreement in pursuance thereof [Chunk-ID: 40abf7d3-8696-4424-88ed-e3ba45bfe867].",UNKNOWN,Starting root cause analysis for trace 217fafbd-302b-43dd-aee2-651788752a90. | Assumption Passed at CORPUS. Moving to next stage. | Assumption Passed at RETRIEVER. Moving to next stage. | Skipping CHUNKING: State is UNKNOWN. Insufficient evidence. | Assumption Passed at GENERATOR. Moving to next stage. | Assumption Passed at GROUNDING. Moving to next stage. | No failures detected. Pipeline is healthy or evidence is purely UNKNOWN.,,
7,"What punishment does section 69 of the BNS prescribe for having sexual intercourse with a woman by deceitful means or a false promise of marriage, where it does not amount to rape?","According to section 69, the punishment for having sexual intercourse with a woman by deceitful means or a false promise of marriage, where it does not amount to rape, is imprisonment of either description for a term which may extend to ten years and shall also be liable to fine [Chunk-ID: a83c2bce-ea76-4859-9604-7f1b9d86d751].",UNKNOWN,Starting root cause analysis for trace c2cd9413-5bf1-4965-9513-dc9b340c1460. | Assumption Passed at CORPUS. Moving to next stage. | Assumption Passed at RETRIEVER. Moving to next stage. | Skipping CHUNKING: State is UNKNOWN. Insufficient evidence. | Assumption Passed at GENERATOR. Moving to next stage. | Assumption Passed at GROUNDING. Moving to next stage. | No failures detected. Pipeline is healthy or evidence is purely UNKNOWN.,,
8,What two types of conduct constitute the offence of 'stalking' under BNS section 78?,"The two types of conduct that constitute the offence of 'stalking' under BNS section 78 are: (i) following a woman and contacting, or attempting to contact such woman to foster personal interaction repeatedly despite a clear indication of disinterest by such woman, and (ii) monitoring the use by a woman of the internet, e-mail or any other form of electronic communication [Chunk-ID: c4decaec-7514-4b58-baf3-a269b0e3f484].",UNKNOWN,Starting root cause analysis for trace 9c59becd-e338-473c-9dcd-5f828d8d779b. | Assumption Passed at CORPUS. Moving to next stage. | Assumption Passed at RETRIEVER. Moving to next stage. | Skipping CHUNKING: State is UNKNOWN. Insufficient evidence. | Assumption Passed at GENERATOR. Moving to next stage. | Assumption Passed at GROUNDING. Moving to next stage. | No failures detected. Pipeline is healthy or evidence is purely UNKNOWN.,,
9,"Under what four conditions is causing death classified as murder rather than merely culpable homicide, per BNS section 101?","I do not have enough information to answer this, as the provided context does not contain section 101 of the BNS, and the given chunks do not provide the required information [Chunk-ID: 94e061cf-fec2-430c-a507-7178f69c90d8].",CHUNK_BOUNDARY,Starting root cause analysis for trace 5ea7cb85-b608-4f8b-9ff1-04d3f2cb3e45. | Assumption Passed at CORPUS. Moving to next stage. | Assumption Passed at RETRIEVER. Moving to next stage. | Failure Observed at CHUNKING: CHUNK_BOUNDARY. Observation: 1 partially supported claim(s) have best evidence adjacent to another retrieved chunk from the same document. | Assumption Passed at GENERATOR. Moving to next stage. | Assumption Passed at GROUNDING. Moving to next stage. | Primary Cause Identified at CHUNKING: CHUNK_BOUNDARY (confidence=0.8). | Concluding analysis with primary cause: CHUNK_BOUNDARY.,,
10,"If a person intends to kill one individual but instead unintentionally causes the death of a different person, how is the resulting culpable homicide classified?","If a person intends to kill one individual but instead unintentionally causes the death of a different person, the resulting culpable homicide is classified as culpable homicide by causing death of person other than person whose death was intended [Chunk-ID: cb540380-0fc6-40ad-bf08-4db5f0ea2a0a]. According to section 102, the culpable homicide committed by the offender is of the description of which it would have been if he had caused the death of the person whose death he intended or knew himself to be likely to cause [Chunk-ID: cb540380-0fc6-40ad-bf08-4db5f0ea2a0a]. This means that the offender's intention or knowledge regarding the original intended victim is used to determine the classification of the culpable homicide, even though the actual victim was different [Chunk-ID: cb540380-0fc6-40ad-bf08-4db5f0ea2a0a].",UNKNOWN,Starting root cause analysis for trace a407284f-d207-41a4-86c9-a04897ef5a47. | Assumption Passed at CORPUS. Moving to next stage. | Assumption Passed at RETRIEVER. Moving to next stage. | Skipping CHUNKING: State is UNKNOWN. Insufficient evidence. | Assumption Passed at GENERATOR. Moving to next stage. | Assumption Passed at GROUNDING. Moving to next stage. | No failures detected. Pipeline is healthy or evidence is purely UNKNOWN.,,
